{
  "original_train_size": 12254,
  "new_train_size": 10416,
  "new_val_size": 1838,
  "test_size": 7759,
  "val_ratio": 0.15,
  "scaler_mean": [
    0.04667961962365592,
    -0.2424489896313364,
    -0.9655676812596006,
    1.0484618803763441
  ],
  "scaler_scale": [
    0.1568029870837523,
    0.21998923370365514,
    0.3217652521379775,
    0.2655644026103653
  ],
  "train_anomaly_dist": {
    "0": 10416
  },
  "val_anomaly_dist": {
    "0": 1838
  },
  "test_anomaly_dist": {
    "1": 4081,
    "0": 3678
  }
}