{
  "mean": [
    0.04667961962365592,
    -0.2424489896313364,
    -0.9655676812596006,
    1.0484618803763441
  ],
  "scale": [
    0.1568029870837523,
    0.21998923370365514,
    0.3217652521379775,
    0.2655644026103653
  ],
  "features": [
    "X",
    "Y",
    "Z",
    "G"
  ]
}